"","Age.ka.BP","Smoothed.LR04.d18O","Detrended.smoothed.d18O"
"1",1,3.23,3.23
"2",3,3.235,3.235
"3",5,3.28,3.28
"4",7,3.35,3.35
"5",9,3.4,3.4
"6",11,3.56,3.56
"7",13,3.99,3.99
"8",15,4.385,4.385
"9",17,4.815,4.815
"10",19,4.99,4.99
"11",21,4.95,4.95
"12",23,4.87,4.87
"13",25,4.815,4.815
"14",27,4.71,4.71
"15",29,4.74,4.74
"16",31,4.62,4.62
"17",33,4.59,4.59
"18",35,4.565,4.565
"19",37,4.455,4.455
"20",39,4.48,4.48
"21",41,4.53,4.53
"22",43,4.48,4.48
"23",45,4.405,4.405
"24",47,4.37,4.37
"25",49,4.455,4.455
"26",51,4.335,4.335
"27",53,4.375,4.375
"28",55,4.345,4.345
"29",57,4.39,4.39
"30",59,4.46,4.46
"31",61,4.555,4.555
"32",63,4.565,4.565
"33",65,4.42,4.42
"34",67,4.505,4.505
"35",69,4.445,4.445
"36",71,4.27,4.27
"37",73,4.22,4.22
"38",75,3.99,3.99
"39",77,4.07,4.07
"40",79,4.05,4.05
"41",81,3.86,3.86
"42",83,3.815,3.815
"43",85,3.885,3.885
"44",87,4.12,4.12
"45",89,4.095,4.095
"46",91,4.045,4.045
"47",93,3.94,3.94
"48",95,3.805,3.805
"49",97,3.79,3.79
"50",99,3.84,3.84
"51",101,3.865,3.865
"52",103,3.87,3.87
"53",105,3.885,3.885
"54",107,4.02,4.02
"55",109,4.115,4.115
"56",111,4.03,4.03
"57",113,3.98,3.98
"58",115,3.76,3.76
"59",117,3.56,3.56
"60",119,3.37,3.37
"61",121,3.265,3.265
"62",123,3.14,3.14
"63",125,3.205,3.205
"64",127,3.265,3.265
"65",129,3.805,3.805
"66",131,3.74,3.74
"67",133,4.305,4.305
"68",135,4.78,4.78
"69",137,4.81,4.81
"70",139,4.88,4.88
"71",141,4.895,4.895
"72",143,4.765,4.765
"73",145,4.78,4.78
"74",147,4.795,4.795
"75",149,4.73,4.73
"76",151,4.705,4.705
"77",153,4.63,4.63
"78",155,4.585,4.585
"79",157,4.76,4.76
"80",159,4.675,4.675
"81",161,4.67,4.67
"82",163,4.68,4.68
"83",165,4.68,4.68
"84",167,4.445,4.445
"85",169,4.49,4.49
"86",171,4.515,4.515
"87",173,4.42,4.42
"88",175,4.3,4.3
"89",177,4.425,4.425
"90",179,4.46,4.46
"91",181,4.425,4.425
"92",183,4.425,4.425
"93",185,4.495,4.495
"94",187,4.435,4.435
"95",189,4.425,4.425
"96",191,4.205,4.205
"97",193,3.84,3.84
"98",195,3.875,3.875
"99",197,3.78,3.78
"100",199,3.695,3.695
"101",201,3.53,3.53
"102",203,3.62,3.62
"103",205,3.8,3.8
"104",207,3.775,3.775
"105",209,3.675,3.675
"106",211,3.585,3.585
"107",213,3.63,3.63
"108",215,3.55,3.55
"109",217,3.505,3.505
"110",219,3.83,3.83
"111",221,4.105,4.105
"112",223,4.41,4.41
"113",225,4.335,4.335
"114",227,4.24,4.24
"115",229,4.105,4.105
"116",231,4.26,4.26
"117",233,4.07,4.07
"118",235,3.775,3.775
"119",237,3.565,3.565
"120",239,3.475,3.475
"121",241,3.49,3.49
"122",243,3.73,3.73
"123",245,4.11,4.11
"124",247,4.345,4.345
"125",249,4.37,4.37
"126",251,4.54,4.54
"127",253,4.575,4.575
"128",255,4.47,4.47
"129",257,4.49,4.49
"130",259,4.515,4.515
"131",261,4.49,4.49
"132",263,4.455,4.455
"133",265,4.43,4.43
"134",267,4.5,4.5
"135",269,4.425,4.425
"136",271,4.505,4.505
"137",273,4.44,4.44
"138",275,4.38,4.38
"139",277,4.37,4.37
"140",279,4.27,4.27
"141",281,4.175,4.175
"142",283,3.925,3.925
"143",285,3.85,3.85
"144",287,3.855,3.855
"145",289,4.04,4.04
"146",291,4.105,4.105
"147",293,4.245,4.245
"148",295,4.32,4.32
"149",297,4.265,4.265
"150",299,4.2,4.2
"151",301,4.04,4.04
"152",303,4.03,4.03
"153",305,4.07,4.07
"154",307,4.025,4.025
"155",309,3.855,3.855
"156",311,3.75,3.75
"157",313,3.74,3.74
"158",315,3.695,3.695
"159",317,3.79,3.79
"160",319,3.67,3.67
"161",321,3.595,3.595
"162",323,3.5,3.5
"163",325,3.26,3.26
"164",327,3.225,3.225
"165",329,3.21,3.21
"166",331,3.295,3.295
"167",333,3.385,3.385
"168",335,3.63,3.63
"169",337,4.155,4.155
"170",339,4.295,4.295
"171",341,4.72,4.72
"172",343,4.815,4.815
"173",345,4.775,4.775
"174",347,4.605,4.605
"175",349,4.555,4.555
"176",351,4.655,4.655
"177",353,4.47,4.47
"178",355,4.495,4.495
"179",357,4.505,4.505
"180",359,4.535,4.535
"181",361,4.52,4.52
"182",363,4.515,4.515
"183",365,4.41,4.41
"184",367,4.345,4.345
"185",369,4.39,4.39
"186",371,4.315,4.315
"187",373,4.355,4.355
"188",375,4.27,4.27
"189",377,4.205,4.205
"190",379,4.18,4.18
"191",381,4.17,4.17
"192",383,4.085,4.085
"193",385,4.11,4.11
"194",387,4.005,4.005
"195",389,3.905,3.905
"196",391,3.98,3.98
"197",393,3.915,3.915
"198",395,3.84,3.84
"199",397,3.595,3.595
"200",399,3.51,3.51
"201",401,3.26,3.26
"202",403,3.16,3.16
"203",405,3.155,3.155
"204",407,3.2,3.2
"205",409,3.195,3.195
"206",411,3.22,3.22
"207",413,3.345,3.345
"208",415,3.41,3.41
"209",417,3.54,3.54
"210",419,3.78,3.78
"211",421,3.81,3.81
"212",423,3.98,3.98
"213",425,4.11,4.11
"214",427,4.4,4.4
"215",429,4.815,4.815
"216",431,5.015,5.015
"217",433,5.065,5.065
"218",435,5.05,5.05
"219",437,4.985,4.985
"220",439,4.83,4.83
"221",441,4.855,4.855
"222",443,4.935,4.935
"223",445,4.865,4.865
"224",447,4.665,4.665
"225",449,4.75,4.75
"226",451,4.665,4.665
"227",453,4.645,4.645
"228",455,4.505,4.505
"229",457,4.625,4.625
"230",459,4.59,4.59
"231",461,4.575,4.575
"232",463,4.61,4.61
"233",465,4.505,4.505
"234",467,4.45,4.45
"235",469,4.445,4.445
"236",471,4.29,4.29
"237",473,4.34,4.34
"238",475,4.37,4.37
"239",477,4.285,4.285
"240",479,4.17,4.17
"241",481,4.145,4.145
"242",483,3.99,3.99
"243",485,3.8,3.8
"244",487,3.74,3.74
"245",489,3.635,3.635
"246",491,3.505,3.505
"247",493,3.675,3.675
"248",495,3.83,3.83
"249",497,3.755,3.755
"250",499,3.785,3.785
"251",501,3.81,3.81
"252",503,3.78,3.78
"253",505,3.885,3.885
"254",507,3.97,3.97
"255",509,4.11,4.11
"256",511,4.1,4.1
"257",513,4.235,4.235
"258",515,4.1,4.1
"259",517,3.985,3.985
"260",519,4.015,4.015
"261",521,3.93,3.93
"262",523,3.905,3.905
"263",525,3.875,3.875
"264",527,3.965,3.965
"265",529,3.955,3.955
"266",531,3.945,3.945
"267",533,4.06,4.06
"268",535,4.28,4.28
"269",537,4.49,4.49
"270",539,4.51,4.51
"271",541,4.515,4.515
"272",543,4.45,4.45
"273",545,4.445,4.445
"274",547,4.52,4.52
"275",549,4.54,4.54
"276",551,4.475,4.475
"277",553,4.49,4.49
"278",555,4.27,4.27
"279",557,4.37,4.37
"280",559,4.21,4.21
"281",561,4.175,4.175
"282",563,4.155,4.155
"283",565,3.985,3.985
"284",567,3.9,3.9
"285",569,3.985,3.985
"286",571,3.9,3.9
"287",573,3.62,3.62
"288",575,3.56,3.56
"289",577,3.47,3.47
"290",579,3.535,3.535
"291",581,3.845,3.845
"292",583,4.21,4.21
"293",585,4.32,4.32
"294",587,4.145,4.145
"295",589,4.13,4.13
"296",591,4.08,4.08
"297",593,4.005,4.005
"298",595,3.89,3.89
"299",597,3.845,3.845
"300",599,4.005,4.005
"301",600,4.07,4.07
"302",602,3.97,3.97
"303",604,3.77,3.77
"304",606,3.8,3.8
"305",608,3.8,3.8
"306",610,3.49,3.49
"307",612,3.52,3.52
"308",614,3.53,3.53
"309",616,3.66,3.66
"310",618,3.81,3.81
"311",620,4.09,4.09
"312",622,4.31,4.31
"313",624,4.63,4.63
"314",626,4.9,4.9
"315",628,5.01,5.01
"316",630,5.08,5.08
"317",632,5.05,5.05
"318",634,4.93,4.93
"319",636,5,5
"320",638,4.8,4.8
"321",640,5.01,5.01
"322",642,4.75,4.75
"323",644,4.68,4.68
"324",646,4.72,4.72
"325",648,4.75,4.75
"326",650,4.71,4.71
"327",652,4.79,4.79
"328",654,4.77,4.77
"329",656,4.57,4.57
"330",658,4.58,4.58
"331",660,4.64,4.64
"332",662,4.8,4.8
"333",664,4.58,4.58
"334",666,4.5,4.5
"335",668,4.65,4.65
"336",670,4.42,4.42
"337",672,4.52,4.52
"338",674,4.46,4.46
"339",676,4.4,4.4
"340",678,4.26,4.26
"341",680,4.14,4.14
"342",682,4.15,4.15
"343",684,4.03,4.03
"344",686,4.13,4.13
"345",688,3.95,3.95
"346",690,3.7,3.7
"347",692,3.71,3.71
"348",694,3.64,3.64
"349",696,3.5,3.5
"350",698,3.57,3.57
"351",700,3.65,3.65
"352",702,3.76,3.76
"353",704,3.84,3.84
"354",706,3.93,3.93
"355",708,4.03,4.03
"356",710,3.98,3.98
"357",712,4.06,4.06
"358",714,4.29,4.29
"359",716,4.61,4.61
"360",718,4.75,4.75
"361",720,4.66,4.66
"362",722,4.65,4.65
"363",724,4.44,4.44
"364",726,4.32,4.32
"365",728,4.16,4.16
"366",730,4.16,4.16
"367",732,4.02,4.02
"368",734,4.15,4.15
"369",736,4.19,4.19
"370",738,4.21,4.21
"371",740,4.11,4.11
"372",742,4.17,4.17
"373",744,4.48,4.48
"374",746,4.67,4.67
"375",748,4.59,4.59
"376",750,4.6,4.6
"377",752,4.48,4.48
"378",754,4.55,4.55
"379",756,4.59,4.59
"380",758,4.26,4.26
"381",760,4.33,4.33
"382",762,4.11,4.11
"383",764,4.28,4.28
"384",766,4.11,4.11
"385",768,4.07,4.07
"386",770,3.99,3.99
"387",772,3.87,3.87
"388",774,3.76,3.76
"389",776,3.64,3.64
"390",778,3.56,3.56
"391",780,3.48,3.48
"392",782,3.54,3.54
"393",784,3.55,3.55
"394",786,3.68,3.68
"395",788,3.7,3.7
"396",790,4.16,4.16
"397",792,4.27,4.27
"398",794,4.74,4.74
"399",796,4.67,4.67
"400",798,4.68,4.68
"401",800,4.68,4.68
"402",802,4.73,4.73
"403",804,4.55,4.55
"404",806,4.53,4.53
"405",808,4.49,4.49
"406",810,4.31,4.31
"407",812,4.38,4.38
"408",814,4.12,4.12
"409",816,4.08,4.08
"410",818,3.9,3.9
"411",820,3.96,3.96
"412",822,3.9,3.9
"413",824,3.92,3.92
"414",826,4.11,4.11
"415",828,3.95,3.95
"416",830,4.04,4.04
"417",832,4.07,4.07
"418",834,3.95,3.95
"419",836,3.82,3.82
"420",838,3.99,3.99
"421",840,4.02,4.02
"422",842,3.81,3.81
"423",844,3.67,3.67
"424",846,3.58,3.58
"425",848,3.63,3.63
"426",850,3.5,3.5
"427",852,3.65,3.65
"428",854,3.63,3.63
"429",856,3.46,3.46
"430",858,3.42,3.42
"431",860,3.45,3.45
"432",862,3.68,3.68
"433",864,3.58,3.58
"434",866,4.06,4.06
"435",868,4.32,4.32
"436",870,4.51,4.51
"437",872,4.67,4.67
"438",874,4.68,4.68
"439",876,4.69,4.69
"440",878,4.59,4.59
"441",880,4.68,4.68
"442",882,4.42,4.42
"443",884,4.47,4.47
"444",886,4.47,4.47
"445",888,4.45,4.45
"446",890,4.39,4.39
"447",892,4.32,4.32
"448",894,4.41,4.41
"449",896,4.4,4.4
"450",898,4.33,4.33
"451",900,4.29,4.29
"452",902,4.17,4.17
"453",904,4.14,4.14
"454",906,4.12,4.12
"455",908,3.99,3.99
"456",910,3.99,3.99
"457",912,4.09,4.09
"458",914,4.03,4.03
"459",916,4.06,4.06
"460",918,4.37,4.37
"461",920,4.51,4.51
"462",922,4.55,4.55
"463",924,4.43,4.43
"464",926,4.38,4.38
"465",928,4.26,4.26
"466",930,4.1,4.1
"467",932,4.07,4.07
"468",934,3.98,3.98
"469",936,4.02,4.02
"470",938,3.86,3.86
"471",940,3.89,3.89
"472",942,3.69,3.69
"473",944,3.57,3.57
"474",946,3.63,3.63
"475",948,3.48,3.48
"476",950,3.44,3.44
"477",952,3.3,3.3
"478",954,3.39,3.39
"479",956,3.33,3.33
"480",958,3.73,3.73
"481",960,4.16,4.16
"482",962,4.42,4.42
"483",964,4.58,4.58
"484",966,4.3,4.3
"485",968,4.21,4.21
"486",970,4.09,4.09
"487",972,3.98,3.98
"488",974,3.87,3.87
"489",976,3.77,3.77
"490",978,3.72,3.72
"491",980,3.76,3.76
"492",982,3.99,3.99
"493",984,4.15,4.15
"494",986,4.24,4.24
"495",988,4.21,4.21
"496",990,4.11,4.11
"497",992,4.06,4.06
"498",994,3.94,3.94
"499",996,3.84,3.84
"500",998,3.84,3.84
"501",1000,3.94,3.94
"502",1002,4.15,4.15
"503",1004,4.28,4.28
"504",1006,4.22,4.22
"505",1008,4.22,4.22
"506",1010,4.12,4.12
"507",1012,4.13,4.13
"508",1014,3.99,3.99
"509",1016,3.73,3.73
"510",1018,3.78,3.78
"511",1020,3.83,3.83
"512",1022,3.57,3.57
"513",1024,3.64,3.64
"514",1026,3.87,3.87
"515",1028,3.84,3.84
"516",1030,3.95,3.95
"517",1032,4.08,4.08
"518",1034,4.36,4.36
"519",1036,4.33,4.33
"520",1038,4.54,4.54
"521",1040,4.33,4.33
"522",1042,4.23,4.23
"523",1044,4.38,4.38
"524",1046,4.22,4.22
"525",1048,4.29,4.29
"526",1050,4.18,4.18
"527",1052,4.27,4.27
"528",1054,4.25,4.25
"529",1056,4.12,4.12
"530",1058,4.23,4.23
"531",1060,4.08,4.08
"532",1062,3.94,3.94
"533",1064,3.66,3.66
"534",1066,3.48,3.48
"535",1068,3.33,3.33
"536",1070,3.34,3.34
"537",1072,3.21,3.21
"538",1074,3.42,3.42
"539",1076,3.48,3.48
"540",1078,3.54,3.54
"541",1080,3.61,3.61
"542",1082,3.81,3.81
"543",1084,3.7,3.7
"544",1086,3.89,3.89
"545",1088,3.91,3.91
"546",1090,3.95,3.95
"547",1092,4.01,4.01
"548",1094,4,4
"549",1096,4.03,4.03
"550",1098,4.29,4.29
"551",1100,4.08,4.08
"552",1102,4.03,4.03
"553",1104,3.93,3.93
"554",1106,3.83,3.83
"555",1108,3.67,3.67
"556",1110,3.85,3.85
"557",1112,3.84,3.84
"558",1114,4.12,4.12
"559",1116,4.14,4.14
"560",1118,4.2,4.2
"561",1120,4.09,4.09
"562",1122,4.47,4.47
"563",1124,4.34,4.34
"564",1126,4.5,4.5
"565",1128,4.38,4.38
"566",1130,4.32,4.32
"567",1132,4.05,4.05
"568",1134,4.22,4.22
"569",1136,4.24,4.24
"570",1138,4.02,4.02
"571",1140,4.02,4.02
"572",1142,3.97,3.97
"573",1144,3.99,3.99
"574",1146,3.86,3.86
"575",1148,4.02,4.02
"576",1150,3.82,3.82
"577",1152,3.75,3.75
"578",1154,3.76,3.76
"579",1156,3.79,3.79
"580",1158,3.68,3.68
"581",1160,3.6,3.6
"582",1162,3.6,3.6
"583",1164,3.66,3.66
"584",1166,3.53,3.53
"585",1168,3.56,3.56
"586",1170,3.6,3.6
"587",1172,3.73,3.73
"588",1174,3.76,3.76
"589",1176,3.74,3.74
"590",1178,3.8,3.8
"591",1180,3.6,3.6
"592",1182,3.84,3.84
"593",1184,3.65,3.65
"594",1186,3.77,3.77
"595",1188,3.67,3.67
"596",1190,4.05,4.05
"597",1192,4.14,4.14
"598",1194,4.27,4.27
"599",1196,4.28,4.28
"600",1198,4.43,4.43
"601",1200,4.42,4.42
"602",1202,4.2,4.2
"603",1204,4.34,4.34
"604",1206,4.16,4.16
"605",1208,4.32,4.32
"606",1210,4.2,4.2
"607",1212,4.08,4.08
"608",1214,4.1,4.1
"609",1216,3.82,3.82
"610",1218,3.73,3.73
"611",1220,3.97,3.97
"612",1222,3.94,3.94
"613",1224,3.74,3.74
"614",1226,3.63,3.63
"615",1228,3.55,3.55
"616",1230,3.42,3.42
"617",1232,3.41,3.41
"618",1234,3.34,3.34
"619",1236,3.38,3.38
"620",1238,3.35,3.35
"621",1240,3.33,3.33
"622",1242,3.47,3.47
"623",1244,3.85,3.85
"624",1246,4.1,4.1
"625",1248,4.36,4.36
"626",1250,4.31,4.31
"627",1252,4.25,4.25
"628",1254,4.27,4.27
"629",1256,4.11,4.11
"630",1258,3.9,3.9
"631",1260,3.87,3.87
"632",1262,4.07,4.07
"633",1264,3.96,3.96
"634",1266,3.91,3.91
"635",1268,3.91,3.91
"636",1270,3.84,3.84
"637",1272,3.81,3.81
"638",1274,3.84,3.84
"639",1276,3.71,3.71
"640",1278,3.67,3.67
"641",1280,3.56,3.56
"642",1282,3.65,3.65
"643",1284,3.84,3.84
"644",1286,3.97,3.97
"645",1288,4.26,4.26
"646",1290,4.35,4.35
"647",1292,4.14,4.14
"648",1294,3.94,3.94
"649",1296,4.2,4.2
"650",1298,4.15,4.15
"651",1300,4.07,4.07
"652",1302,4.06,4.06
"653",1304,3.97,3.97
"654",1306,3.9,3.9
"655",1308,3.8,3.8
"656",1310,3.65,3.65
"657",1312,3.69,3.69
"658",1314,3.71,3.71
"659",1316,3.59,3.59
"660",1318,3.73,3.73
"661",1320,3.95,3.95
"662",1322,3.94,3.94
"663",1324,3.99,3.99
"664",1326,4,4
"665",1328,4.09,4.09
"666",1330,4.06,4.06
"667",1332,4.02,4.02
"668",1334,4.19,4.19
"669",1336,4.19,4.19
"670",1338,4.1,4.1
"671",1340,4.19,4.19
"672",1342,4.07,4.07
"673",1344,3.88,3.88
"674",1346,3.86,3.86
"675",1348,3.67,3.67
"676",1350,3.59,3.59
"677",1352,3.49,3.49
"678",1354,3.41,3.41
"679",1356,3.5,3.5
"680",1358,3.55,3.55
"681",1360,3.63,3.63
"682",1362,3.8,3.8
"683",1364,3.98,3.98
"684",1366,3.99,3.99
"685",1368,4.2,4.2
"686",1370,4.04,4.04
"687",1372,4.26,4.26
"688",1374,4.21,4.21
"689",1376,4.08,4.08
"690",1378,4.2,4.2
"691",1380,4.05,4.05
"692",1382,3.96,3.96
"693",1384,3.82,3.82
"694",1386,3.72,3.72
"695",1388,3.61,3.61
"696",1390,3.73,3.73
"697",1392,3.59,3.59
"698",1394,3.7,3.7
"699",1396,3.54,3.54
"700",1398,3.49,3.49
"701",1400,3.56,3.56
"702",1402,3.63,3.63
"703",1404,3.74,3.74
"704",1406,3.97,3.97
"705",1408,3.97,3.97
"706",1410,4.2,4.2
"707",1412,4.4,4.4
"708",1414,4.22,4.22
"709",1416,3.96,3.96
"710",1418,3.84,3.84
"711",1420,3.96,3.96
"712",1422,3.83,3.83
"713",1424,3.72,3.72
"714",1426,3.72,3.72
"715",1428,3.61,3.61
"716",1430,3.52,3.52
"717",1432,3.38,3.38
"718",1434,3.38,3.38
"719",1436,3.24,3.24
"720",1438,3.24,3.24
"721",1440,3.28,3.28
"722",1442,3.34,3.34
"723",1444,3.33,3.33
"724",1446,3.36,3.36
"725",1448,3.35,3.35
"726",1450,3.49,3.49
"727",1452,3.8,3.8
"728",1454,4.2,4.2
"729",1456,4.31,4.31
"730",1458,4.24,4.24
"731",1460,4.1,4.1
"732",1462,4.07,4.07
"733",1464,4.22,4.22
"734",1466,3.99,3.99
"735",1468,3.87,3.87
"736",1470,3.62,3.62
"737",1472,3.45,3.45
"738",1474,3.38,3.38
"739",1476,3.31,3.31
"740",1478,3.42,3.42
"741",1480,3.39,3.39
"742",1482,3.44,3.44
"743",1484,3.57,3.57
"744",1486,3.42,3.42
"745",1488,3.42,3.42
"746",1490,3.51,3.51
"747",1492,3.77,3.77
"748",1494,4.05,4.05
"749",1496,4.36,4.36
"750",1498,4.24,4.24
"751",1500,4.21,4.21
"752",1502.5,4.29,4.29082409467283
"753",1505,4.16,4.16164818934567
"754",1507.5,4.15,4.1524722840185
"755",1510,4.02,4.02329637869134
"756",1512.5,3.74,3.74412047336417
"757",1515,3.69,3.694944568037
"758",1517.5,3.79,3.79576866270984
"759",1520,3.64,3.64659275738267
"760",1522.5,3.67,3.67741685205551
"761",1525,3.7,3.70824094672834
"762",1527.5,3.89,3.89906504140118
"763",1530,3.96,3.96988913607401
"764",1532.5,4.2,4.21071323074684
"765",1535,4.41,4.42153732541968
"766",1537.5,4.35,4.36236142009251
"767",1540,4.38,4.39318551476535
"768",1542.5,4.3,4.31400960943818
"769",1545,4.07,4.08483370411102
"770",1547.5,3.97,3.98565779878385
"771",1550,3.82,3.83648189345668
"772",1552.5,3.68,3.69730598812952
"773",1555,3.72,3.73813008280235
"774",1557.5,3.79,3.80895417747519
"775",1560,3.76,3.77977827214802
"776",1562.5,3.58,3.60060236682085
"777",1565,3.56,3.58142646149369
"778",1567.5,3.73,3.75225055616652
"779",1570,3.85,3.87307465083936
"780",1572.5,4.17,4.19389874551219
"781",1575,4.24,4.26472284018503
"782",1577.5,4.18,4.20554693485786
"783",1580,3.99,4.01637102953069
"784",1582.5,3.99,4.01719512420353
"785",1585,3.8,3.82801921887636
"786",1587.5,3.66,3.6888433135492
"787",1590,3.72,3.74966740822203
"788",1592.5,3.86,3.89049150289486
"789",1595,3.71,3.7413155975677
"790",1597.5,3.61,3.64213969224053
"791",1600,3.53,3.56296378691337
"792",1602.5,3.37,3.4037878815862
"793",1605,3.55,3.58461197625903
"794",1607.5,3.66,3.69543607093187
"795",1610,3.66,3.6962601656047
"796",1612.5,3.88,3.91708426027754
"797",1615,3.84,3.87790835495037
"798",1617.5,3.9,3.93873244962321
"799",1620,3.65,3.68955654429604
"800",1622.5,3.68,3.72038063896887
"801",1625,3.76,3.80120473364171
"802",1627.5,4.01,4.05202882831454
"803",1630,3.55,3.59285292298738
"804",1632.5,3.57,3.61367701766021
"805",1635,3.56,3.60450111233305
"806",1637.5,3.6,3.64532520700588
"807",1640,3.68,3.72614930167871
"808",1642.5,3.88,3.92697339635155
"809",1645,4.05,4.09779749102438
"810",1647.5,4.17,4.21862158569722
"811",1650,4.18,4.22944568037005
"812",1652.5,4.25,4.30026977504288
"813",1655,4.28,4.33109386971572
"814",1657.5,4.11,4.16191796438855
"815",1660,4.13,4.18274205906139
"816",1662.5,4.08,4.13356615373422
"817",1665,4.13,4.18439024840706
"818",1667.5,3.91,3.96521434307989
"819",1670,3.88,3.93603843775272
"820",1672.5,3.86,3.91686253242556
"821",1675,3.55,3.60768662709839
"822",1677.5,3.72,3.77851072177123
"823",1680,3.65,3.70933481644406
"824",1682.5,3.57,3.63015891111689
"825",1685,3.59,3.65098300578973
"826",1687.5,3.74,3.80180710046256
"827",1690,3.72,3.7826311951354
"828",1692.5,3.75,3.81345528980823
"829",1695,3.82,3.88427938448107
"830",1697.5,3.77,3.8351034791539
"831",1700,4.09,4.15592757382673
"832",1702.5,4.15,4.21675166849957
"833",1705,4.12,4.1875757631724
"834",1707.5,4.17,4.23839985784524
"835",1710,3.93,3.99922395251807
"836",1712.5,3.86,3.9300480471909
"837",1715,3.83,3.90087214186374
"838",1717.5,3.57,3.64169623653657
"839",1720,3.52,3.59252033120941
"840",1722.5,3.72,3.79334442588224
"841",1725,3.79,3.86416852055508
"842",1727.5,3.8,3.87499261522791
"843",1730,3.74,3.81581670990074
"844",1732.5,3.86,3.93664080457358
"845",1735,3.6,3.67746489924641
"846",1737.5,3.6,3.67828899391925
"847",1740,3.71,3.78911308859208
"848",1742.5,3.69,3.76993718326491
"849",1745,4.13,4.21076127793775
"850",1747.5,4.21,4.29158537261058
"851",1750,4.16,4.24240946728342
"852",1752.5,3.85,3.93323356195625
"853",1755,3.74,3.82405765662909
"854",1757.5,3.83,3.91488175130192
"855",1760,3.53,3.61570584597475
"856",1762.5,3.63,3.71652994064759
"857",1765,3.49,3.57735403532042
"858",1767.5,3.52,3.60817812999326
"859",1770,3.48,3.56900222466609
"860",1772.5,3.38,3.46982631933892
"861",1775,3.53,3.62065041401176
"862",1777.5,3.57,3.66147450868459
"863",1780,3.65,3.74229860335743
"864",1782.5,3.8,3.89312269803026
"865",1785,3.77,3.8639467927031
"866",1787.5,3.85,3.94477088737593
"867",1790,3.99,4.08559498204876
"868",1792.5,4.06,4.1564190767216
"869",1795,4.09,4.18724317139443
"870",1797.5,3.89,3.98806726606727
"871",1800,3.95,4.0488913607401
"872",1802.5,3.8,3.89971545541293
"873",1805,3.68,3.78053955008577
"874",1807.5,3.66,3.7613636447586
"875",1810,3.52,3.62218773943144
"876",1812.5,3.68,3.78301183410427
"877",1815,3.61,3.7138359287771
"878",1817.5,3.98,4.08466002344994
"879",1820,3.82,3.92548411812277
"880",1822.5,3.73,3.83630821279561
"881",1825,3.72,3.82713230746844
"882",1827.5,3.65,3.75795640214128
"883",1830,3.42,3.52878049681411
"884",1832.5,3.63,3.73960459148694
"885",1835,3.68,3.79042868615978
"886",1837.5,3.57,3.68125278083261
"887",1840,3.57,3.68207687550545
"888",1842.5,3.57,3.68290097017828
"889",1845,3.61,3.72372506485112
"890",1847.5,3.8,3.91454915952395
"891",1850,3.62,3.73537325419678
"892",1852.5,3.61,3.72619734886962
"893",1855,3.56,3.67702144354245
"894",1857.5,3.64,3.75784553821529
"895",1860,3.89,4.00866963288812
"896",1862.5,4.19,4.30949372756095
"897",1865,4.16,4.28031782223379
"898",1867.5,3.97,4.09114191690662
"899",1870,3.95,4.07196601157946
"900",1872.5,3.83,3.95279010625229
"901",1875,3.84,3.96361420092513
"902",1877.5,3.73,3.85443829559796
"903",1880,3.77,3.89526239027079
"904",1882.5,3.69,3.81608648494363
"905",1885,3.75,3.87691057961646
"906",1887.5,3.59,3.7177346742893
"907",1890,3.68,3.80855876896213
"908",1892.5,3.61,3.73938286363496
"909",1895,3.74,3.8702069583078
"910",1897.5,3.69,3.82103105298063
"911",1900,4.02,4.15185514765347
"912",1902.5,3.93,4.0626792423263
"913",1905,4.01,4.14350333699914
"914",1907.5,3.83,3.96432743167197
"915",1910,3.81,3.9451515263448
"916",1912.5,3.81,3.94597562101764
"917",1915,3.7,3.83679971569047
"918",1917.5,3.64,3.77762381036331
"919",1920,3.7,3.83844790503614
"920",1922.5,3.65,3.78927199970897
"921",1925,3.5,3.64009609438181
"922",1927.5,3.48,3.62092018905464
"923",1930,3.51,3.65174428372748
"924",1932.5,3.45,3.59256837840031
"925",1935,3.52,3.66339247307315
"926",1937.5,3.58,3.72421656774598
"927",1940,3.51,3.65504066241881
"928",1942.5,4.02,4.16586475709165
"929",1945,4.03,4.17668885176448
"930",1947.5,4.17,4.31751294643732
"931",1950,4.1,4.24833704111015
"932",1952.5,4.02,4.16916113578298
"933",1955,3.89,4.03998523045582
"934",1957.5,3.77,3.92080932512865
"935",1960,3.86,4.01163341980149
"936",1962.5,3.9,4.05245751447432
"937",1965,3.74,3.89328160914716
"938",1967.5,3.61,3.76410570381999
"939",1970,3.75,3.90492979849282
"940",1972.5,3.5,3.65575389316566
"941",1975,3.55,3.70657798783849
"942",1977.5,3.45,3.60740208251133
"943",1980,3.33,3.48822617718416
"944",1982.5,3.38,3.53905027185699
"945",1985,3.36,3.51987436652983
"946",1987.5,3.52,3.68069846120266
"947",1990,3.65,3.8115225558755
"948",1992.5,3.68,3.84234665054833
"949",1995,3.58,3.74317074522117
"950",1997.5,3.69,3.853994839894
"951",2000,3.85,4.01481893456683
"952",2002.5,3.81,3.97564302923967
"953",2005,3.92,4.0864671239125
"954",2007.5,3.89,4.05729121858534
"955",2010,3.55,3.71811531325817
"956",2012.5,3.63,3.798939407931
"957",2015,3.81,3.97976350260384
"958",2017.5,3.54,3.71058759727667
"959",2020,3.57,3.74141169194951
"960",2022.5,3.46,3.63223578662234
"961",2025,3.24,3.41305988129518
"962",2027.5,3.44,3.61388397596801
"963",2030,3.34,3.51470807064084
"964",2032.5,3.36,3.53553216531368
"965",2035,3.56,3.73635625998651
"966",2037.5,3.63,3.80718035465935
"967",2040,3.67,3.84800444933218
"968",2042.5,3.62,3.79882854400501
"969",2045,3.92,4.09965263867785
"970",2047.5,3.78,3.96047673335068
"971",2050,3.71,3.89130082802352
"972",2052.5,3.62,3.80212492269635
"973",2055,3.6,3.78294901736919
"974",2057.5,3.72,3.90377311204202
"975",2060,3.74,3.92459720671485
"976",2062.5,3.88,4.06542130138769
"977",2065,4.18,4.36624539606052
"978",2067.5,4.18,4.36706949073336
"979",2070,4.21,4.39789358540619
"980",2072.5,4.28,4.46871768007902
"981",2075,4.16,4.34954177475186
"982",2077.5,4.15,4.34036586942469
"983",2080,3.96,4.15118996409753
"984",2082.5,3.99,4.18201405877036
"985",2085,3.85,4.0428381534432
"986",2087.5,3.88,4.07366224811603
"987",2090,3.7,3.89448634278886
"988",2092.5,3.63,3.8253104374617
"989",2095,3.49,3.68613453213453
"990",2097.5,3.46,3.65695862680737
"991",2100,3.44,3.6377827214802
"992",2102.5,3.55,3.74860681615303
"993",2105,3.66,3.85943091082587
"994",2107.5,3.63,3.8302550054987
"995",2110,3.51,3.71107910017154
"996",2112.5,3.5,3.70190319484437
"997",2115,3.5,3.70272728951721
"998",2117.5,3.72,3.92355138419004
"999",2120,3.68,3.88437547886287
"1000",2122.5,3.68,3.88519957353571
"1001",2125,3.5,3.70602366820854
"1002",2127.5,3.47,3.67684776288138
"1003",2130,3.32,3.52767185755421
"1004",2132.5,3.29,3.49849595222704
"1005",2135,3.29,3.49932004689988
"1006",2137.5,3.34,3.55014414157271
"1007",2140,3.23,3.44096823624555
"1008",2142.5,3.44,3.65179233091838
"1009",2145,3.6,3.81261642559122
"1010",2147.5,4,4.21344052026405
"1011",2150,4.15,4.36426461493688
"1012",2152.5,4.22,4.43508870960972
"1013",2155,4.23,4.44591280428255
"1014",2157.5,4.1,4.31673689895539
"1015",2160,4.15,4.36756099362822
"1016",2162.5,3.94,4.15838508830105
"1017",2165,3.88,4.09920918297389
"1018",2167.5,3.77,3.99003327764672
"1019",2170,3.69,3.91085737231956
"1020",2172.5,3.67,3.89168146699239
"1021",2175,3.56,3.78250556166523
"1022",2177.5,3.5,3.72332965633806
"1023",2180,3.36,3.58415375101089
"1024",2182.5,3.41,3.63497784568373
"1025",2185,3.42,3.64580194035656
"1026",2187.5,3.38,3.6066260350294
"1027",2190,3.56,3.78745012970223
"1028",2192.5,3.68,3.90827422437506
"1029",2195,3.77,3.9990983190479
"1030",2197.5,3.83,4.05992241372073
"1031",2200,3.86,4.09074650839357
"1032",2202.5,3.83,4.0615706030664
"1033",2205,3.74,3.97239469773924
"1034",2207.5,3.6,3.83321879241207
"1035",2210,3.59,3.8240428870849
"1036",2212.5,3.46,3.69486698175774
"1037",2215,3.59,3.82569107643057
"1038",2217.5,3.61,3.84651517110341
"1039",2220,3.57,3.80733926577624
"1040",2222.5,3.49,3.72816336044907
"1041",2225,3.39,3.62898745512191
"1042",2227.5,3.42,3.65981154979474
"1043",2230,3.46,3.70063564446758
"1044",2232.5,3.49,3.73145973914041
"1045",2235,3.56,3.80228383381325
"1046",2237.5,3.8,4.04310792848608
"1047",2240,4.01,4.25393202315891
"1048",2242.5,3.87,4.11475611783175
"1049",2245,3.8,4.04558021250458
"1050",2247.5,3.72,3.96640430717742
"1051",2250,3.61,3.85722840185025
"1052",2252.5,3.45,3.69805249652308
"1053",2255,3.39,3.63887659119592
"1054",2257.5,3.32,3.56970068586875
"1055",2260,3.21,3.46052478054159
"1056",2262.5,3.3,3.55134887521442
"1057",2265,3.45,3.70217296988726
"1058",2267.5,3.37,3.62299706456009
"1059",2270,3.48,3.73382115923292
"1060",2272.5,3.5,3.75464525390576
"1061",2275,3.87,4.12546934857859
"1062",2277.5,3.8,4.05629344325143
"1063",2280,3.84,4.09711753792426
"1064",2282.5,3.91,4.16794163259709
"1065",2285,3.8,4.05876572726993
"1066",2287.5,3.69,3.94958982194276
"1067",2290,3.68,3.9404139166156
"1068",2292.5,3.46,3.72123801128843
"1069",2295,3.45,3.71206210596127
"1070",2297.5,3.27,3.5328862006341
"1071",2300,3.28,3.54371029530693
"1072",2302.5,3.36,3.62453438997977
"1073",2305,3.35,3.6153584846526
"1074",2307.5,3.43,3.69618257932544
"1075",2310,3.61,3.87700667399827
"1076",2312.5,3.7,3.9678307686711
"1077",2315,3.74,4.00865486334394
"1078",2317.5,3.75,4.01947895801677
"1079",2320,3.76,4.03030305268961
"1080",2322.5,3.6,3.87112714736244
"1081",2325,3.52,3.79195124203528
"1082",2327.5,3.64,3.91277533670811
"1083",2330,3.64,3.91359943138094
"1084",2332.5,3.52,3.79442352605378
"1085",2335,3.39,3.66524762072661
"1086",2337.5,3.29,3.56607171539945
"1087",2340,3.2,3.47689581007228
"1088",2342.5,3.33,3.60771990474511
"1089",2345,3.37,3.64854399941795
"1090",2347.5,3.25,3.52936809409078
"1091",2350,3.58,3.86019218876362
"1092",2352.5,3.72,4.00101628343645
"1093",2355,3.8,4.08184037810928
"1094",2357.5,3.96,4.24266447278212
"1095",2360,3.92,4.20348856745495
"1096",2362.5,3.76,4.04431266212779
"1097",2365,3.87,4.15513675680062
"1098",2367.5,3.63,3.91596085147346
"1099",2370,3.72,4.00678494614629
"1100",2372.5,3.63,3.91760904081912
"1101",2375,3.39,3.67843313549196
"1102",2377.5,3.38,3.66925723016479
"1103",2380,3.37,3.66008132483763
"1104",2382.5,3.24,3.53090541951046
"1105",2385,3.33,3.6217295141833
"1106",2387.5,3.48,3.77255360885613
"1107",2390,3.54,3.83337770352896
"1108",2392.5,3.6,3.8942017982018
"1109",2395,3.41,3.70502589287463
"1110",2397.5,3.46,3.75584998754747
"1111",2400,3.48,3.7766740822203
"1112",2402.5,3.67,3.96749817689313
"1113",2405,3.69,3.98832227156597
"1114",2407.5,3.41,3.7091463662388
"1115",2410,3.29,3.58997046091164
"1116",2412.5,3.37,3.67079455558447
"1117",2415,3.37,3.67161865025731
"1118",2417.5,3.33,3.63244274493014
"1119",2420,3.35,3.65326683960297
"1120",2422.5,3.53,3.83409093427581
"1121",2425,3.49,3.79491502894864
"1122",2427.5,3.66,3.96573912362148
"1123",2430,3.93,4.23656321829431
"1124",2432.5,4.17,4.47738731296714
"1125",2435,4.09,4.39821140763998
"1126",2437.5,4.14,4.44903550231281
"1127",2440,4.01,4.31985959698565
"1128",2442.5,4,4.31068369165848
"1129",2445,3.95,4.26150778633132
"1130",2447.5,3.91,4.22233188100415
"1131",2450,3.73,4.04315597567698
"1132",2452.5,3.69,4.00398007034982
"1133",2455,3.45,3.76480416502265
"1134",2457.5,3.39,3.70562825969549
"1135",2460,3.39,3.70645235436832
"1136",2462.5,3.21,3.52727644904115
"1137",2465,3.25,3.56810054371399
"1138",2467.5,3.31,3.62892463838682
"1139",2470,3.32,3.63974873305966
"1140",2472.5,3.43,3.75057282773249
"1141",2475,3.57,3.89139692240533
"1142",2477.5,3.7,4.02222101707816
"1143",2480,3.7,4.02304511175099
"1144",2482.5,3.96,4.28386920642383
"1145",2485,3.99,4.31469330109666
"1146",2487.5,4.16,4.4855173957695
"1147",2490,3.83,4.15634149044233
"1148",2492.5,3.65,3.97716558511516
"1149",2495,3.62,3.947989679788
"1150",2497.5,3.43,3.75881377446083
"1151",2500,3.18,3.50963786913367
"1152",2502.5,3.35,3.6804619638065
"1153",2505,3.48,3.81128605847934
"1154",2507.5,3.42,3.75211015315217
"1155",2510,3.65,3.982934247825
"1156",2512.5,3.76,4.09375834249784
"1157",2515,3.89,4.22458243717067
"1158",2517.5,4.12,4.45540653184351
"1159",2520,4.13,4.46623062651634
"1160",2522.5,4.06,4.39705472118917
"1161",2525,4.13,4.46787881586201
"1162",2527.5,4.03,4.36870291053484
"1163",2530,3.89,4.22952700520768
"1164",2532.5,3.93,4.27035109988051
"1165",2535,3.73,4.07117519455335
"1166",2537.5,3.74,4.08199928922618
"1167",2540,3.63,3.97282338389901
"1168",2542.5,3.35,3.69364747857185
"1169",2545,3.27,3.61447157324468
"1170",2547.5,3.18,3.52529566791752
"1171",2550,3.21,3.55611976259035
"1172",2552.5,3.28,3.62694385726318
"1173",2555,3.43,3.77776795193602
"1174",2557.5,3.39,3.73859204660885
"1175",2560,3.37,3.71941614128169
"1176",2562.5,3.38,3.73024023595452
"1177",2565,3.63,3.98106433062736
"1178",2567.5,3.53,3.88188842530019
"1179",2570,3.47,3.82271251997302
"1180",2572.5,3.47,3.82353661464586
"1181",2575,3.41,3.76436070931869
"1182",2577.5,3.32,3.67518480399153
"1183",2580,3.23,3.58600889866436
"1184",2582.5,3.26,3.61683299333719
"1185",2585,3.16,3.51765708801003
"1186",2587.5,3.27,3.62848118268286
"1187",2590,3.43,3.7893052773557
"1188",2592.5,3.45,3.81012937202853
"1189",2595,3.47,3.83095346670137
"1190",2597.5,3.74,4.1017775613742
"1191",2600,3.9,4.26260165604703
"1192",2602.5,3.86,4.22342575071987
"1193",2605,3.81,4.1742498453927
"1194",2607.5,3.85,4.21507394006554
"1195",2610,3.62,3.98589803473837
"1196",2612.5,3.64,4.00672212941121
"1197",2615,3.44,3.80754622408404
"1198",2617.5,3.45,3.81837031875687
"1199",2620,3.27,3.63919441342971
"1200",2622.5,3.24,3.61001850810254
"1201",2625,3.31,3.68084260277538
"1202",2627.5,3.26,3.63166669744821
"1203",2630,3.23,3.60249079212104
"1204",2632.5,3.44,3.81331488679388
"1205",2635,3.45,3.82413898146671
"1206",2637.5,3.48,3.85496307613955
"1207",2640,3.66,4.03578717081238
"1208",2642.5,3.72,4.09661126548522
"1209",2645,3.84,4.21743536015805
"1210",2647.5,3.69,4.06825945483088
"1211",2650,3.51,3.88908354950372
"1212",2652.5,3.41,3.78990764417655
"1213",2655,3.35,3.73073173884939
"1214",2657.5,3.14,3.52155583352222
"1215",2660,3.23,3.61237992819505
"1216",2662.5,3.05,3.43320402286789
"1217",2665,3.25,3.63402811754072
"1218",2667.5,3.24,3.62485221221356
"1219",2670,3.19,3.57567630688639
"1220",2672.5,3.2,3.58650040155923
"1221",2675,3.22,3.60732449623206
"1222",2677.5,3.36,3.74814859090489
"1223",2680,3.37,3.75897268557773
"1224",2682.5,3.54,3.92979678025056
"1225",2685,3.68,4.0706208749234
"1226",2687.5,3.75,4.14144496959623
"1227",2690,3.61,4.00226906426906
"1228",2692.5,3.53,3.9230931589419
"1229",2695,3.61,4.00391725361473
"1230",2697.5,3.57,3.96474134828757
"1231",2700,3.61,4.0055654429604
